Parent,Name,Icon / JPEG-Name
root,Human Resources,ohne Icon
root,IT &Trends Media,ohne Icon
root,Education,ohne Icon
root,Travel,ohne Icon
root,Housing,ohne Icon
root,Bridal,ohne Icon
root,Automobiles,ohne Icon
root,Dining,ohne Icon
root,Beauty,ohne Icon
root,Life & Local Info,ohne Icon
Human Resources,Finding Employment,ohne Icon
Human Resources,Changing Jobs,ohne Icon
Human Resources,Part-Time Jobs,ohne Icon
Human Resources,Temporary Staffing,ohne Icon
Human Resources,Self-Employment / Independent Businesses / Others,ohne Icon
Human Resources,Research,ohne Icon
Finding Employment,Rikunabi,Rikunabi
Finding Employment,Indeed.com,Indeed.com
Finding Employment,SPI3,SPI3
Finding Employment,Work In Japan,Work In Japan
Finding Employment,Hatalike,Hatalike
Finding Employment,Shushoku Shop,Shushoku Shop
Finding Employment,Rikunabi Direct,Rikunabi Direct
Finding Employment,Shushoku Journal,Shushoku Journal
Changing Jobs,Recruit Medical Career,Recruit Medical Career
Changing Jobs,Recruit Executive Agent,Recruit Executive Agent
Changing Jobs,CAREER CARVER,CAREER CARVER
Changing Jobs,CDS (CDSi K.K.),CDS (CDSi K.K.)
Changing Jobs,Indeed.com,Indeed.com
Changing Jobs,Townwork Shain,Townwork Shain
Changing Jobs,Rikunabi Next,Rikunabi Next
Changing Jobs,Recruit Agent,Recruit Agent
Changing Jobs,Shushoku Shop,Shushoku Shop
Changing Jobs,Rikunabi Next Tech Soken,Rikunabi Next Tech Soken
Changing Jobs,RGF Executive Search,RGF Executive Search
Changing Jobs,Hatalike,Hatalike
Changing Jobs,CodeIQ,CodeIQ
Changing Jobs,RGF HR Agent,RGF HR Agent
Changing Jobs,Minna-no-Kyujinban,Minna-no-Kyujinban
Changing Jobs,Travaille,Travaille
Changing Jobs,BRecruit,BRecruit
Changing Jobs,Bó Lè Associates,Bó Lè Associates
Part-Time Jobs,Indeed.com,Indeed.com
Part-Time Jobs,Minna-no-Kyujinban,Minna-no-Kyujinban
Part-Time Jobs,From A Navi,From A Navi
Part-Time Jobs,Travaille,Travaille
Part-Time Jobs,Townwork,Townwork
Temporary Staffing,Staff Service Group,Staff Service Group
Temporary Staffing,Staffmark,Staffmark
Temporary Staffing,CSI,CSI
Temporary Staffing,Advantage Resourcing,Advantage Resourcing
Temporary Staffing,Peoplebank Australia,Peoplebank Australia
Temporary Staffing,Travaille,Travaille
Temporary Staffing,Rikunabi Haken,Rikunabi Haken
Temporary Staffing,Recruit Staffing,Recruit Staffing
Temporary Staffing,Chandler Macleod Group Limited,Chandler Macleod Group Limited
Temporary Staffing,Atterro,Atterro
Self-Employment / Independent Businesses / Others,Recruit Management Solutions,Recruit Management Solutions
Self-Employment / Independent Businesses / Others,Recruit Learning Club,Recruit Learning Club
Self-Employment / Independent Businesses / Others,ReCoBook,ReCoBook
Self-Employment / Independent Businesses / Others,Recruit Management School,Recruit Management School
Self-Employment / Independent Businesses / Others,Entre,Entre
Research,Recruit Management School,Recruit Management School
Research,Recruit Learning Club,Recruit Learning Club
Research,Recruit Management Solutions,Recruit Management Solutions
Research,Works,Works
IT &Trends Media,Information for Business People,ohne Icon
IT &Trends Media,Information for Working Women,ohne Icon
Information for Business People,R25,R25
Information for Working Women,L25,L25
Education,University / College,ohne Icon
Education,Other Education Information,ohne Icon
University / College,Jyuken Sapuri,Jyuken Sapuri
University / College,Rikunabi Shingaku Book,Rikunabi Shingaku Book
University / College,Rikunabi Shingaku,Rikunabi Shingaku
Other Education Information,Eitango sapuri,Eitango sapuri
Other Education Information,Benkyo Sapuri,Benkyo Sapuri
Other Education Information,Eikaiwa Sapuri,Eikaiwa Sapuri
Other Education Information,Rikunabi Shingaku: Career Guidance,Rikunabi Shingaku: Career Guidance
Other Education Information,College Management,College Management
Other Education Information,Quipper School,Quipper School
Travel,Domestic / International Travel,ohne Icon
Domestic / International Travel,PegiPegi,PegiPegi
Domestic / International Travel,TravelBook.ph,TravelBook.ph
Domestic / International Travel,Jalan Golf,Jalan Golf
Domestic / International Travel,Mytour,Mytour
Domestic / International Travel,Jalan,Jalan
Domestic / International Travel,AB-Road,AB-Road
Beauty,Hot Pepper Beauty,Hot Pepper Beauty
Housing,Housing & Real Estate,ohne Icon
Housing,Selling,ohne Icon
Housing,Buying Houses,ohne Icon
Housing,Custom-Built Houses,ohne Icon
Housing,Renovation,ohne Icon
Housing,Rent,ohne Icon
Housing,Local Info,ohne Icon
Housing & Real Estate,Suumo,Suumo
Housing & Real Estate,Movoto,Movoto
Selling,Suumo,Suumo
Buying Houses,Suumo,Suumo
Buying Houses,Suumo Magazine,Suumo Magazine
Buying Houses,Toshin-ni-Sumu,Toshin-ni-Sumu
Buying Houses,Suumo Shinchiku Mansion,Suumo Shinchiku Mansion
Buying Houses,Suumo Counter Shinchiku Mansion,Suumo Counter Shinchiku Mansion
Custom-Built Houses,Chumon Jutaku by Suumo,Chumon Jutaku by Suumo
Custom-Built Houses,Suumo Counter Chumon Jutaku,Suumo Counter Chumon Jutaku
Custom-Built Houses,Suumo,Suumo
Custom-Built Houses,Suumo Housing,Suumo Housing
Renovation,Suumo,Suumo
Renovation,Good Reform,Good Reform
Rent,Office Movement,Office Movement
Rent,Suumo,Suumo
Rent,Suumo Magazine,Suumo Magazine
Local Info,Suumo Hikkoshi Mitsumori,Suumo Hikkoshi Mitsumori
Bridal,Zexy,Zexy
Bridal,Zexy Overseas Wedding,Zexy Overseas Wedding
Bridal,Zexy Resort Wedding,Zexy Resort Wedding
Bridal,Zexy Premier,Zexy Premier
Bridal,zexy insurance counsering counter,zexy insurance counsering counter
Bridal,Zexy Koimusubi(online dating service),Zexy Koimusubi(online dating service)
Bridal,Zexy Enmusubi(matchmaking service),Zexy Enmusubi(matchmaking service)
Bridal,Zexy Wedding Consulting Counter,Zexy Wedding Consulting Counter
Automobiles,Used Cars,Used Cars
Automobiles,Premium Cars,Premium Cars
Used Cars,Car Sensor,Car Sensor
Used Cars,D-Ucar.net,D-Ucar.net
Premium Cars,Car Sensor Edge,Car Sensor Edge
Dining,Hot Pepper Gourmet,Hot Pepper Gourmet
Dining,Quandoo,Quandoo
Life & Local Info,Discount Tickets / Mail Order,Discount Tickets / Mail Order
Life & Local Info,Qualifications / Lessons,Qualifications / Lessons
Life & Local Info,Life and Local Info,Life and Local Info
Discount Tickets / Mail Order,Marqrel,Marqrel
Discount Tickets / Mail Order,Ponpare Mall,Ponpare Mall
Discount Tickets / Mail Order,Ponpare,Ponpare
Discount Tickets / Mail Order,Eruca,Eruca
Discount Tickets / Mail Order,FunCart,FunCart
Discount Tickets / Mail Order,Ninsugu,Ninsugu
Discount Tickets / Mail Order,Akasugu,Akasugu
Qualifications / Lessons,Ryori Sapuri,Ryori Sapuri
Qualifications / Lessons,Shikaku Sapuri,Shikaku Sapuri
Qualifications / Lessons,Tsushin-koza Daijiten,Tsushin-koza Daijiten
Qualifications / Lessons,Oshieru Manaberu,Oshieru Manaberu
Qualifications / Lessons,Keiko-to-Manabu,Keiko-to-Manabu
Life and Local Info,Tabroom,Tabroom
Life and Local Info,Hot Pepper,Hot Pepper
Life and Local Info,RecoCheck,RecoCheck
Life and Local Info,Omise-no-Mikita,Omise-no-Mikita
Life and Local Info,Insurance channel,Insurance channel